"geography code","Region","LA","All usual residents","Age 0 to 4","Age 5 to 7","Age 8 to 9","Age 10 to 14","Age 15","Age 16 to 17","Age 18 to 19","Age 20 to 24","Age 25 to 29","Age 30 to 44","Age 45 to 59","Age 60 to 64","Age 65 to 74","Age 75 to 84","Age 85 to 89","Age 90 and over","Mean Age","Median Age"
"E06000047","North East","County Durham",493470,26235,17479,12757,31497,6450,12223,13391,28784,27573,109688,99077,26770,45049,28058,5685,2754,NA,NA
"E06000005","North East","Darlington",97838,5696,3713,2585,6526,1275,2475,2103,4829,5826,21901,19120,5133,8695,5975,1319,667,NA,NA
"E08000020","North East","Gateshead",191151,10745,6772,4847,12172,2401,4844,4527,10119,11502,43400,36123,10555,18571,11278,2258,1037,NA,NA
"E06000001","North East","Hartlepool",88611,5297,3695,2526,6458,1297,2550,2063,4557,4864,19703,16558,4664,8260,4839,866,414,NA,NA
"E06000002","North East","Middlesbrough",134855,8310,5551,3857,10123,2175,4105,4079,9245,8172,29186,23621,6318,11386,6856,1285,586,NA,NA
"E08000021","North East","Newcastle upon Tyne",259536,14252,8998,6352,15951,3144,6037,9130,24814,18300,56214,43311,11663,21689,14797,3342,1542,NA,NA
"E08000022","North East","North Tyneside",191659,10373,6791,4847,12355,2413,4633,4007,9749,11373,43100,37851,9883,18376,12226,2406,1276,NA,NA
"E06000048","North East","Northumberland",307190,15803,10498,7765,19844,3995,7990,6605,14220,15774,66535,66886,17237,29432,18722,3972,1912,NA,NA
"E06000003","North East","Redcar and Cleveland",139132,7532,5292,3899,9776,2039,3925,3183,7036,7393,29681,28095,8014,12718,8194,1632,723,NA,NA
"E08000023","North East","South Tyneside",152785,8441,5670,4038,10670,2230,3945,3580,8072,8797,33819,28233,8044,14818,9881,1729,818,NA,NA
"E06000004","North East","Stockton-on-Tees",178408,10326,6841,5062,12815,2657,5144,4175,9857,10753,41329,34283,8673,15141,8896,1688,768,NA,NA
"E08000024","North East","Sunderland",280807,15434,10144,7465,19247,3923,7510,7811,18552,17860,61865,52842,14378,25410,14303,2744,1319,NA,NA
"E07000026","North West","Allerdale",93492,4799,3341,2387,5891,1181,2283,1907,4189,5012,20086,19902,5443,9240,5939,1230,662,NA,NA
"E07000027","North West","Barrow-in-Furness",71980,4125,2842,2030,5021,975,1814,1572,3263,4248,15796,14232,4047,6256,4385,955,419,NA,NA
"E06000008","North West","Blackburn with Darwen",137470,10555,6517,4391,11035,2185,4059,3640,8266,9313,29789,23555,5856,9844,6339,1428,698,NA,NA
"E06000009","North West","Blackpool",142283,7802,4928,3483,8874,1785,3219,2942,6843,8088,30172,27806,8484,14232,10081,2349,1195,NA,NA
"E08000001","North West","Bolton",261037,16779,10390,7426,18380,3773,7087,6006,14823,17481,57714,49573,12667,20395,14055,3043,1445,NA,NA
"E07000117","North West","Burnley",89542,5621,3613,2802,6952,1403,2573,2052,4842,5514,19495,16956,4166,7019,4874,1083,577,NA,NA
"E08000002","North West","Bury",180608,11117,7039,5183,13076,2539,4800,3862,8939,11427,41564,35426,8982,14330,9050,2158,1116,NA,NA
"E07000028","North West","Carlisle",100739,5261,3489,2620,6339,1272,2598,2219,5348,6099,22164,19897,5414,9674,6273,1379,693,NA,NA
"E06000049","North West","Cheshire East",351817,19605,12932,9082,22540,4385,8621,7045,15900,19461,79068,74474,19164,31724,20626,4764,2426,NA,NA
"E06000050","North West","Cheshire West and Chester",321971,18358,11830,8625,21283,4135,8018,6928,16208,19274,72179,65036,17297,28728,18137,3949,1986,NA,NA
"E07000118","North West","Chorley",100449,5517,3691,2626,6729,1328,2618,2116,5077,6369,23246,21711,5179,7702,4844,1100,596,NA,NA
"E07000029","North West","Copeland",69318,3724,2476,1801,4744,927,1796,1544,3315,3951,15788,13944,3919,6430,3872,727,360,NA,NA
"E07000030","North West","Eden",49777,2597,1643,1205,2991,601,1174,926,2063,2559,10842,10909,2972,5121,3058,693,423,NA,NA
"E07000119","North West","Fylde",73217,3544,2287,1692,4420,883,1616,1330,2942,3450,15292,14852,4231,8397,6049,1472,760,NA,NA
"E06000006","North West","Halton",118208,7160,4491,3396,8782,1815,3536,3037,6849,7649,26185,23818,5486,9085,5405,1045,469,NA,NA
"E07000120","North West","Hyndburn",81496,5431,3665,2550,5812,1163,2174,1765,4306,5238,17965,15118,4018,6373,4411,1054,453,NA,NA
"E08000011","North West","Knowsley",150459,9454,6266,4616,11728,2453,4887,3720,8008,8775,35174,25666,7416,13684,6856,1221,535,NA,NA
"E07000121","North West","Lancaster",133914,7302,4479,3212,8335,1602,3353,5364,11096,7496,27029,24223,6595,12209,8368,2115,1136,NA,NA
"E08000012","North West","Liverpool",439473,24840,15325,11345,30771,6224,12252,15150,37112,29194,95196,74011,20895,37694,22277,4925,2262,NA,NA
"E08000003","North West","Manchester",392819,24693,14993,10557,27449,5096,9680,14790,44882,33410,83473,56240,15550,26969,18719,4319,1999,NA,NA
"E08000004","North West","Oldham",217273,15196,9084,6518,15950,3244,6186,5053,11911,13694,47703,40883,10819,16353,10971,2521,1187,NA,NA
"E07000122","North West","Pendle",89248,5936,3602,2640,6703,1410,2652,2133,4940,5372,18764,17283,4085,7115,4888,1099,626,NA,NA
"E07000123","North West","Preston",129633,7832,5003,3554,8885,1756,3553,4283,10061,9402,28383,22078,5894,10252,6622,1351,724,NA,NA
"E07000124","North West","Ribble Valley",53960,2948,1877,1377,3692,749,1433,1077,2153,2631,11943,11724,3067,4977,3142,740,430,NA,NA
"E08000005","North West","Rochdale",205357,13771,8536,6150,15472,2952,5880,4892,11237,13150,45485,39061,9362,16001,10143,2164,1101,NA,NA
"E07000125","North West","Rossendale",65652,4072,2726,2016,4948,900,1751,1409,3179,3979,14854,13330,3046,5096,3277,735,334,NA,NA
"E08000006","North West","Salford",216103,12529,8173,5989,14413,3067,5529,6063,15131,14615,47371,37582,10521,18564,12620,2634,1302,NA,NA
"E08000014","North West","Sefton",282958,14896,10448,7949,19995,3833,7932,6399,12827,14168,60506,54463,16002,28887,18244,4186,2223,NA,NA
"E07000031","North West","South Lakeland",102301,4801,3184,2353,5992,1319,2391,1967,4226,4965,20978,22213,6371,11116,7549,1856,1020,NA,NA
"E07000126","North West","South Ribble",103867,5649,3767,2811,7362,1388,2738,2220,5000,6203,23446,21605,5510,8878,5526,1199,565,NA,NA
"E08000013","North West","St. Helens",176843,10083,6860,5105,12210,2339,4716,4091,9203,10823,38884,35256,9692,15542,9325,1878,836,NA,NA
"E08000007","North West","Stockport",284528,16457,10570,7561,19501,3710,7166,5904,13254,16668,65700,56165,14861,25094,16269,3824,1824,NA,NA
"E08000008","North West","Tameside",213043,12803,8302,6024,15461,2979,5619,4827,11169,13396,49825,40301,10507,16669,11424,2554,1183,NA,NA
"E08000009","North West","Trafford",210145,11971,7680,5729,14209,2901,5591,4467,10581,13422,49577,39653,10261,17893,12191,2686,1333,NA,NA
"E06000007","North West","Warrington",191080,11677,7366,5206,13067,2495,4910,4274,9763,11852,46131,37502,9798,14824,9316,1964,935,NA,NA
"E07000127","North West","West Lancashire",108378,6127,4016,2949,7411,1521,2894,2775,5784,5875,23234,22635,6233,9553,5481,1272,618,NA,NA
"E08000010","North West","Wigan",301415,17561,11502,8434,20364,3940,7826,6906,16140,19880,68815,60672,15939,24018,15091,3068,1259,NA,NA
"E08000015","North West","Wirral",312293,17475,11772,8430,22474,4397,9045,6951,14321,16625,65762,62083,16384,29842,19736,4760,2236,NA,NA
"E07000128","North West","Wyre",105618,5321,3521,2634,6964,1286,2724,2294,4174,4907,21010,20769,6593,12414,8290,1792,925,NA,NA
"E08000016","Yorkshire and The Humber","Barnsley",218063,12516,8532,6028,14536,2720,5533,4969,10622,13073,50076,42864,11286,19146,12414,2525,1223,NA,NA
"E08000032","Yorkshire and The Humber","Bradford",467665,33240,20593,14056,34571,6867,13750,12673,31882,30528,100214,80774,20856,36101,23270,5474,2816,NA,NA
"E08000033","Yorkshire and The Humber","Calderdale",192405,12065,7569,5423,13419,2516,5021,4036,9124,11692,44017,38277,9244,15320,10842,2619,1221,NA,NA
"E07000163","Yorkshire and The Humber","Craven",53620,2685,1791,1338,3627,676,1406,998,2001,2490,10999,11660,3093,5499,3840,998,519,NA,NA
"E08000017","Yorkshire and The Humber","Doncaster",286866,16876,11125,7830,20094,4047,7596,6671,14814,16710,64179,55289,14694,26058,16251,3199,1433,NA,NA
"E06000011","Yorkshire and The Humber","East Riding of Yorkshire",314113,16034,10876,7862,20208,4068,7774,7347,13455,15770,66382,68211,18291,31294,19680,4561,2300,NA,NA
"E07000164","Yorkshire and The Humber","Hambleton",84111,4421,3045,2155,5547,1010,1963,1674,3397,3992,18631,18549,5040,8029,4994,1092,572,NA,NA
"E07000165","Yorkshire and The Humber","Harrogate",151336,8197,5543,3802,9766,1894,4673,2928,6901,8409,34402,30386,8089,13437,9099,2445,1365,NA,NA
"E06000010","Yorkshire and The Humber","Kingston upon Hull, City of",243589,15009,9959,6992,17373,3383,6331,6641,18080,16773,53227,41380,11104,20268,12916,2870,1283,NA,NA
"E08000034","Yorkshire and The Humber","Kirklees",388567,25544,15512,10677,27070,5162,10186,10045,23523,25434,86494,74104,17972,29843,20116,4564,2321,NA,NA
"E08000035","Yorkshire and The Humber","Leeds",715402,40871,26598,18555,47970,9097,17299,22140,58167,50814,157259,123917,33157,57726,38256,8972,4604,NA,NA
"E06000012","Yorkshire and The Humber","North East Lincolnshire",157979,9649,6321,4566,12026,2317,4390,3673,7696,9200,34357,29516,8153,13940,9128,2034,1013,NA,NA
"E06000013","Yorkshire and The Humber","North Lincolnshire",152849,8596,5728,4122,10403,2094,3985,3270,7161,8209,33817,31555,8209,13950,9006,1859,885,NA,NA
"E07000166","Yorkshire and The Humber","Richmondshire",47010,2855,1714,1131,2999,502,1385,1552,2922,3160,10272,8925,2437,3904,2386,583,283,NA,NA
"E08000018","Yorkshire and The Humber","Rotherham",248175,15008,9694,6956,17206,3367,6439,5625,12650,14677,56193,48708,12995,21042,13531,2837,1247,NA,NA
"E07000167","Yorkshire and The Humber","Ryedale",50872,2455,1757,1198,3358,686,1282,918,1816,2404,10263,11159,3187,5507,3555,885,442,NA,NA
"E07000168","Yorkshire and The Humber","Scarborough",106243,5058,3401,2566,7010,1364,2597,2141,4782,5188,20502,22383,6503,11439,8190,2029,1090,NA,NA
"E07000169","Yorkshire and The Humber","Selby",76468,4250,2939,2118,5660,1010,2037,1506,3171,4238,18177,16365,3734,6081,3845,899,438,NA,NA
"E08000019","Yorkshire and The Humber","Sheffield",513234,29232,18575,12912,31352,5898,11417,15911,41347,34556,112382,90415,25181,42934,30483,7206,3433,NA,NA
"E08000036","Yorkshire and The Humber","Wakefield",315172,18097,11960,8657,21690,4360,8070,7134,16197,19619,72908,62074,15774,26375,17256,3487,1514,NA,NA
"E06000014","Yorkshire and The Humber","York",181094,9372,5752,4026,10602,2039,4147,5777,14198,12119,39920,33681,8901,15804,11032,2459,1265,NA,NA
"E07000032","East Midlands","Amber Valley",116471,6482,4305,3012,7462,1419,2686,2368,5210,7000,26220,24812,6024,10039,7088,1542,802,NA,NA
"E07000170","East Midlands","Ashfield",111387,6531,4213,2911,7455,1399,2680,2391,5881,6918,25703,22056,5781,9164,6413,1245,646,NA,NA
"E07000171","East Midlands","Bassetlaw",107713,6047,3954,2855,7206,1421,2812,2198,5134,6013,24478,22349,5750,9591,6004,1283,618,NA,NA
"E07000129","East Midlands","Blaby",90252,5208,3431,2386,5930,1138,2159,2097,4227,5470,21576,18314,4669,7696,4527,973,451,NA,NA
"E07000033","East Midlands","Bolsover",71766,4041,2709,1880,4695,899,1764,1466,3332,4362,16411,14041,3709,6668,4503,895,391,NA,NA
"E07000136","East Midlands","Boston",55750,2969,1935,1379,3475,657,1375,1220,2603,3159,11255,11561,3266,5839,3738,863,456,NA,NA
"E07000172","East Midlands","Broxtowe",107570,5540,3755,2740,6949,1250,2504,2156,5947,6792,24859,21880,5586,9463,6179,1376,594,NA,NA
"E07000130","East Midlands","Charnwood",153462,8172,5382,3947,9896,1847,3805,5811,12548,9119,32873,30061,7113,12398,7671,1910,909,NA,NA
"E07000034","East Midlands","Chesterfield",98845,5406,3697,2567,6190,1161,2350,2052,4843,6051,22327,19735,4994,8938,6539,1369,626,NA,NA
"E07000150","East Midlands","Corby",53174,3292,2093,1658,4156,822,1527,1310,2792,3004,12581,9832,2735,4267,2505,437,163,NA,NA
"E07000151","East Midlands","Daventry",71838,4295,2923,2075,5180,946,1784,1615,3141,3882,17184,15692,3476,5315,3323,678,329,NA,NA
"E06000015","East Midlands","Derby",221708,13645,8545,6228,15242,2960,5717,6017,15110,15334,48644,38115,10241,18978,12848,2796,1288,NA,NA
"E07000035","East Midlands","Derbyshire Dales",69469,3478,2316,1678,4392,826,1679,1230,2702,3119,14743,16087,4069,6806,4655,1124,565,NA,NA
"E07000137","East Midlands","East Lindsey",130447,6120,4194,2907,8301,1616,3017,2611,5413,5811,24541,28150,8793,15869,10008,2066,1030,NA,NA
"E07000152","East Midlands","East Northamptonshire",76550,4763,3010,2038,5314,1081,2058,1655,3430,4493,17706,15975,3623,5864,4034,988,518,NA,NA
"E07000036","East Midlands","Erewash",110099,6289,4258,3093,7495,1409,2649,2254,5338,7088,25700,21686,5414,9166,6143,1399,718,NA,NA
"E07000173","East Midlands","Gedling",111787,5877,3862,2817,7345,1351,2766,2312,5279,6570,25479,23363,5857,10094,6579,1463,773,NA,NA
"E07000131","East Midlands","Harborough",76559,4590,2886,1998,5040,912,1795,1580,3203,3884,18039,16745,3915,6426,4165,932,449,NA,NA
"E07000037","East Midlands","High Peak",89433,5315,3304,2460,6213,1157,2277,1764,3951,4790,21268,18589,4533,7272,4787,1166,587,NA,NA
"E07000132","East Midlands","Hinckley and Bosworth",100141,5536,3519,2393,6426,1216,2501,2126,4888,5707,22623,22018,5146,8613,5546,1280,603,NA,NA
"E07000153","East Midlands","Kettering",81844,4900,3136,2219,5533,1016,1990,1695,4220,5540,18650,16465,3768,6375,4681,1092,564,NA,NA
"E06000016","East Midlands","Leicester",279921,19119,11727,7758,19752,4029,7724,8844,26104,21532,60847,43509,11129,19233,13728,3234,1652,NA,NA
"E07000138","East Midlands","Lincoln",85595,5059,3146,2171,5756,1084,2116,2772,7482,6040,18704,14415,3673,6553,5131,991,502,NA,NA
"E07000174","East Midlands","Mansfield",98181,5364,3761,2813,6966,1336,2574,2261,5149,5633,22256,19019,4986,8632,5769,1142,520,NA,NA
"E07000133","East Midlands","Melton",47866,2785,1820,1231,3091,570,1130,982,2200,2433,11148,10300,2470,4015,2798,610,283,NA,NA
"E07000175","East Midlands","Newark and Sherwood",106273,5917,4001,2795,7192,1324,2680,2139,4832,5664,23422,22143,5753,9782,6578,1391,660,NA,NA
"E07000038","East Midlands","North East Derbyshire",96940,4714,3458,2458,6044,1192,2449,1961,4430,5020,20831,21484,5584,9338,6256,1195,526,NA,NA
"E07000139","East Midlands","North Kesteven",94024,5136,3418,2423,6122,1131,2195,1806,3990,4960,21063,19166,5484,9308,6009,1246,567,NA,NA
"E07000134","East Midlands","North West Leicestershire",85503,5034,3081,2212,5488,1058,1960,1671,4077,5124,19687,18135,4329,7175,4995,1045,432,NA,NA
"E07000154","East Midlands","Northampton",194458,12182,7414,5223,13189,2585,4934,5286,13800,14701,45320,35287,8022,13631,9671,2122,1091,NA,NA
"E06000018","East Midlands","Nottingham",266988,15457,9630,6930,17632,3218,6294,11455,30571,20595,57292,38880,10544,20157,13918,2993,1422,NA,NA
"E07000135","East Midlands","Oadby and Wigston",55795,2907,2039,1469,3864,800,1402,2170,2970,2933,11999,10719,2977,5352,3158,657,379,NA,NA
"E07000176","East Midlands","Rushcliffe",105599,5915,3906,2731,6705,1276,2391,2207,5648,6009,24600,21954,5137,8968,5943,1443,766,NA,NA
"E06000017","East Midlands","Rutland",34563,1797,1156,775,2348,556,1167,898,1669,1873,7349,7262,1956,3103,1929,475,250,NA,NA
"E07000039","East Midlands","South Derbyshire",81562,4976,3090,2154,5493,1075,2167,1597,3923,5079,19380,16867,3902,6396,4188,870,405,NA,NA
"E07000140","East Midlands","South Holland",76522,3785,2617,1725,4684,865,1684,1372,3157,3942,15280,16008,4835,9229,5596,1176,567,NA,NA
"E07000141","East Midlands","South Kesteven",124792,7083,4810,3344,8742,1624,3336,2716,5740,6695,27990,25936,6242,10728,7526,1549,731,NA,NA
"E07000155","East Midlands","South Northamptonshire",79293,4759,3085,2263,5720,1004,2033,1521,3227,3927,19359,17681,3772,5925,3711,858,448,NA,NA
"E07000156","East Midlands","Wellingborough",72519,4540,2905,1990,5011,986,1832,1537,3741,4542,16424,14721,3554,5713,3806,828,389,NA,NA
"E07000142","East Midlands","West Lindsey",79515,3988,2915,2102,5640,1046,2062,1694,3199,3559,16620,17571,4621,7917,4992,1070,519,NA,NA
"E08000025","West Midlands","Birmingham",977087,70007,42015,28924,74039,13964,27317,31050,74152,68463,208341,154589,42270,73877,51014,11695,5370,NA,NA
"E07000234","West Midlands","Bromsgrove",87837,4547,3149,2233,5961,1089,2133,1667,3807,4292,19547,19352,4914,8111,5153,1234,648,NA,NA
"E07000192","West Midlands","Cannock Chase",92126,5833,3561,2475,6434,1245,2416,2089,4765,6271,21960,17973,4472,7192,4284,781,375,NA,NA
"E08000026","West Midlands","Coventry",300848,18746,11855,8112,20930,4031,7953,10210,24204,20935,64199,49874,13844,23614,17103,3627,1611,NA,NA
"E08000027","West Midlands","Dudley",305155,17476,11465,7962,20055,3873,7494,6505,15788,18554,67573,60669,16898,28244,17348,3640,1611,NA,NA
"E07000193","West Midlands","East Staffordshire",103770,6292,4173,2887,7301,1356,2752,2220,4876,6167,24016,20168,5238,9005,5454,1234,631,NA,NA
"E06000019","West Midlands","Herefordshire, County of",174871,9491,6226,4544,11566,2257,4113,3421,7050,9029,36746,36857,9988,17620,12009,2640,1314,NA,NA
"E07000194","West Midlands","Lichfield",93232,5033,3314,2443,6118,1235,2307,1987,4170,4924,20180,21409,5675,7986,4817,1078,556,NA,NA
"E07000235","West Midlands","Malvern Hills",72172,3389,2345,1704,4740,1011,2056,1553,2757,3017,14012,16122,4421,7560,5412,1378,695,NA,NA
"E07000195","West Midlands","Newcastle-under-Lyme",122030,6408,4034,2952,7806,1518,2955,3546,8177,7217,26177,24204,6404,11132,7283,1536,681,NA,NA
"E07000218","West Midlands","North Warwickshire",61860,3490,2204,1610,4173,822,1533,1211,2958,3610,14227,13475,3258,5204,3134,645,306,NA,NA
"E07000219","West Midlands","Nuneaton and Bedworth",119132,7061,4750,3262,8443,1608,3083,2601,6343,7412,26974,24019,5899,9848,6121,1183,525,NA,NA
"E07000236","West Midlands","Redditch",78807,5031,3115,2142,5599,1065,2159,1993,4908,5461,17820,16697,3181,5151,3444,715,326,NA,NA
"E07000220","West Midlands","Rugby",87453,5187,3270,2297,5676,1216,2387,1842,4187,5237,19867,17694,4543,7272,5068,1171,539,NA,NA
"E08000028","West Midlands","Sandwell",282904,18163,11423,8306,19805,3862,7504,6699,15604,19263,62596,48866,14242,24861,16855,3363,1492,NA,NA
"E06000051","West Midlands","Shropshire",283173,15208,9885,6918,18317,3682,7481,6658,12907,15465,60010,59294,16154,27100,17883,4100,2111,NA,NA
"E08000029","West Midlands","Solihull",199517,11196,7817,5647,14441,2708,5339,4205,8890,10150,43712,41565,10264,18312,11686,2432,1153,NA,NA
"E07000196","West Midlands","South Staffordshire",105896,5417,3643,2736,7111,1434,2777,2267,4737,5233,23589,23783,6342,9598,5452,1179,598,NA,NA
"E07000197","West Midlands","Stafford",120670,6057,4042,2977,7624,1484,2898,2871,6227,6844,26435,26065,6771,10880,7051,1633,811,NA,NA
"E07000198","West Midlands","Staffordshire Moorlands",94489,4797,3051,2251,5963,1246,2358,1994,4371,5033,20149,21287,5527,9034,5736,1156,536,NA,NA
"E06000021","West Midlands","Stoke-on-Trent",240636,13895,8563,6092,16407,3032,6069,6942,16687,15878,52288,44254,11428,20701,14265,2852,1283,NA,NA
"E07000221","West Midlands","Stratford-on-Avon",111484,5993,3884,2559,6776,1184,2496,2114,4515,5446,24337,25287,6685,10680,6907,1756,865,NA,NA
"E07000199","West Midlands","Tamworth",74531,5009,2932,2144,5622,1043,2257,1891,4103,5261,17449,15214,3274,4698,2836,546,252,NA,NA
"E06000020","West Midlands","Telford and Wrekin",158325,10507,6584,4466,11505,2242,4312,3937,9303,10666,36887,30836,7454,10830,6694,1472,630,NA,NA
"E08000030","West Midlands","Walsall",253499,16418,10334,7163,17626,3535,6797,5873,13743,15773,54576,46828,13822,23211,13727,2835,1238,NA,NA
"E07000222","West Midlands","Warwick",125931,6866,4180,2836,7721,1381,2850,2998,8732,8368,28469,24781,6107,10537,7496,1750,859,NA,NA
"E08000031","West Midlands","Wolverhampton",236582,14178,9070,6607,16435,3211,6251,5910,15226,15715,51118,41134,11742,21510,14132,2967,1376,NA,NA
"E07000237","West Midlands","Worcester",93353,6069,3510,2384,5771,1137,2193,2168,5963,6910,22896,16848,4118,7000,4844,1069,473,NA,NA
"E07000238","West Midlands","Wychavon",112957,6136,4087,2810,6977,1370,2604,2118,4993,5749,24904,25061,6332,10579,6934,1572,731,NA,NA
"E07000239","West Midlands","Wyre Forest",96981,5156,3356,2394,6135,1246,2379,2022,4865,5682,20518,21538,5595,8442,5664,1338,651,NA,NA
"E07000200","East of England","Babergh",83461,4596,2925,1956,5686,1097,2231,1662,3585,4188,17202,18384,4621,8013,5487,1203,625,NA,NA
"E07000066","East of England","Basildon",165668,10721,6751,4473,11263,2138,4121,3571,9800,11346,38017,31320,7751,13590,8345,1729,732,NA,NA
"E06000055","East of England","Bedford",147911,9310,5817,3845,9737,1975,3910,3618,9221,10439,33301,27973,6787,11648,7656,1793,881,NA,NA
"E07000067","East of England","Braintree",132179,8387,5152,3701,8880,1544,3125,2643,6644,8129,30757,27359,6101,10068,7033,1735,921,NA,NA
"E07000143","East of England","Breckland",121418,6839,4463,2977,7756,1420,2854,2447,5776,6934,24830,24884,6978,12080,8307,1906,967,NA,NA
"E07000068","East of England","Brentwood",68456,3677,2401,1727,4416,850,1679,1262,3078,3765,15120,14163,3710,6737,4387,992,492,NA,NA
"E07000144","East of England","Broadland",118513,6166,4161,2773,7009,1404,2703,2217,4782,6209,25974,25238,7035,12164,7797,1872,1009,NA,NA
"E07000095","East of England","Broxbourne",87054,5401,3409,2424,5807,1095,2012,1754,5026,5925,20357,16739,4296,7452,4113,857,387,NA,NA
"E07000008","East of England","Cambridge",108863,5123,2844,1955,5080,1020,2148,5639,16892,10853,22606,16367,3975,6865,5323,1464,709,NA,NA
"E07000069","East of England","Castle Point",86608,4524,3101,2256,5633,1189,2244,1827,4373,4570,17723,19349,5045,8076,5140,1071,487,NA,NA
"E06000056","East of England","Central Bedfordshire",233661,14872,9435,6494,16303,3089,5808,5090,10901,13900,58112,47023,11019,17529,10604,2438,1044,NA,NA
"E07000070","East of England","Chelmsford",157072,8846,5860,4147,10480,2013,4053,3614,8980,10336,36224,32042,7493,12389,7882,1880,833,NA,NA
"E07000071","East of England","Colchester",155796,9455,5771,4062,9812,1825,3760,4202,11050,11022,34581,30161,7145,11850,8101,2046,953,NA,NA
"E07000096","East of England","Dacorum",137799,8695,5392,3666,9400,1762,3475,2873,6829,8497,33444,26829,6125,11133,7313,1623,743,NA,NA
"E07000009","East of England","East Cambridgeshire",73214,4363,2776,1833,4735,869,1777,1405,3431,4444,16996,14868,3703,6514,4057,990,453,NA,NA
"E07000097","East of England","East Hertfordshire",128919,8142,5175,3505,8477,1512,3126,2591,6427,8576,32084,25877,5826,9616,5897,1367,721,NA,NA
"E07000072","East of England","Epping Forest",120896,7322,4411,2981,7688,1372,2785,2243,5903,7193,27608,24924,6074,10522,7344,1712,814,NA,NA
"E07000010","East of England","Fenland",83519,4836,3173,2187,5206,1005,1859,1647,3907,4660,17840,16711,4549,8583,5515,1194,647,NA,NA
"E07000201","East of England","Forest Heath",55510,3754,2138,1476,3597,558,1208,1288,4083,4319,13024,9363,2431,4251,3010,714,296,NA,NA
"E07000145","East of England","Great Yarmouth",90810,4828,3195,2288,5851,1199,2239,1916,4370,4984,18185,18733,5182,9199,6410,1500,731,NA,NA
"E07000073","East of England","Harlow",78768,5339,3153,2054,5350,1006,2025,1834,4823,5835,19056,13356,3357,6732,3896,671,281,NA,NA
"E07000098","East of England","Hertsmere",94450,5808,3712,2546,6349,1191,2296,1945,4934,5800,22072,18256,4162,7484,5858,1366,671,NA,NA
"E07000011","East of England","Huntingdonshire",156954,10184,6510,4547,10737,2104,3967,3090,7374,9742,38295,32609,7482,10990,6983,1554,786,NA,NA
"E07000202","East of England","Ipswich",117069,7253,4557,3153,8110,1490,3082,2914,7386,8584,25351,20356,5173,9941,7144,1717,858,NA,NA
"E07000146","East of England","King`s Lynn and West Norfolk",135345,6920,4675,3166,8148,1539,3162,2694,5998,7130,27260,27558,8234,15362,10159,2240,1100,NA,NA
"E06000032","East of England","Luton",184371,13286,8053,5468,13868,2649,5260,5021,14748,13572,42317,30126,7874,12742,7014,1607,766,NA,NA
"E07000074","East of England","Maldon",59418,3552,2373,1549,3969,738,1399,1192,2688,2990,13253,13380,3232,4922,3062,749,370,NA,NA
"E07000203","East of England","Mid Suffolk",86837,5020,3259,2234,5570,1067,2082,1774,3943,4583,18935,18397,4723,8013,5355,1246,636,NA,NA
"E07000099","East of England","North Hertfordshire",116908,7228,4681,3158,7532,1429,2931,2348,5284,7363,27935,22783,5643,9480,6551,1697,865,NA,NA
"E07000147","East of England","North Norfolk",98382,4310,2949,2082,5462,1123,2179,1920,3826,4191,17531,21207,6587,12997,8738,2200,1080,NA,NA
"E07000148","East of England","Norwich",121550,6367,3825,2771,6831,1318,2580,4240,12056,10264,25574,20201,5088,9829,7849,1785,972,NA,NA
"E06000031","East of England","Peterborough",156061,10237,6569,4353,11009,2125,4087,3768,9630,11418,35601,28341,6807,12036,7696,1605,779,NA,NA
"E07000075","East of England","Rochford",78489,4472,3062,2020,5018,946,1905,1571,3606,4242,17115,16487,4341,7453,4729,1082,440,NA,NA
"E07000012","East of England","South Cambridgeshire",130108,7673,5020,3364,8581,1578,3423,2840,5994,7642,30479,28067,6285,10073,6597,1665,827,NA,NA
"E07000149","East of England","South Norfolk",110710,5857,3862,2632,6923,1387,2790,2104,4243,5405,22972,24626,6551,11192,7549,1749,868,NA,NA
"E06000033","East of England","Southend-on-Sea",160257,9727,6174,4124,10160,1932,3829,3216,8244,10066,35014,29553,7476,14391,11478,3167,1706,NA,NA
"E07000100","East of England","St Albans",129005,8581,5048,3341,8033,1508,3088,2368,6052,8546,31947,25303,5959,10269,6665,1508,789,NA,NA
"E07000204","East of England","St Edmundsbury",98193,5686,3546,2419,6178,1144,2208,2009,5331,6280,22059,20012,5370,8286,5728,1302,635,NA,NA
"E07000101","East of England","Stevenage",79715,5196,3330,2367,5892,1156,2203,1914,4262,5622,20062,13340,3321,6283,3724,716,327,NA,NA
"E07000205","East of England","Suffolk Coastal",115141,6114,4210,2889,7647,1436,2916,2209,4317,5150,23700,24103,6480,12171,8563,2158,1078,NA,NA
"E07000076","East of England","Tendring",138539,6854,4537,3279,8107,1443,3035,2417,5713,6049,24757,27253,9037,17423,13561,3401,1673,NA,NA
"E07000102","East of England","Three Rivers",82848,5126,3133,2177,5611,1041,2018,1596,3873,4846,19002,16813,3929,7029,4797,1217,640,NA,NA
"E06000034","East of England","Thurrock",143128,10008,5817,3785,9956,1862,3463,3060,8839,11106,33944,26605,6004,9975,6924,1212,568,NA,NA
"E07000077","East of England","Uttlesford",68946,4088,2752,1833,4563,898,1832,1461,2962,3377,15832,15333,3482,5583,3543,914,493,NA,NA
"E07000103","East of England","Watford",79726,5127,3134,2165,5050,936,1818,1622,5005,7205,20405,13453,3254,5442,3668,936,506,NA,NA
"E07000206","East of England","Waveney",112342,6067,4045,2952,7278,1431,2759,2240,4876,5858,21916,22297,6382,12053,8999,2165,1024,NA,NA
"E07000104","East of England","Welwyn Hatfield",97553,5675,3723,2583,6081,1111,2271,2726,7468,5695,21491,17516,4476,8911,5805,1415,606,NA,NA
"E09000002","London","Barking and Dagenham",163944,12542,7479,4984,11107,2242,4441,4176,10573,11959,38575,25590,6160,12105,9155,1923,933,NA,NA
"E09000003","London","Barnet",314564,20215,12442,8098,19288,3713,7733,6642,21782,27177,74980,54231,12769,22809,15626,4596,2463,NA,NA
"E09000004","London","Bexley",218307,13277,8638,6020,15094,2877,5443,4777,11580,13683,51120,40825,10464,18280,12167,2823,1239,NA,NA
"E09000005","London","Brent",263464,16306,9704,6353,16497,3309,7007,6354,22219,26633,66968,40686,11191,17654,9174,2291,1118,NA,NA
"E09000006","London","Bromley",295532,18681,10991,7320,18453,3426,6707,5558,14654,18938,70587,56508,13899,25517,17842,4262,2189,NA,NA
"E09000007","London","Camden",198020,11820,6255,3975,9211,1605,3986,5401,18822,25998,53147,29723,6860,11228,7304,1760,925,NA,NA
"E09000001","London","City of London",7185,250,112,95,186,27,78,101,529,940,1977,1622,306,514,322,100,26,NA,NA
"E09000008","London","Croydon",330587,22587,13580,9451,22624,4206,8736,7548,19413,24410,83090,58599,13742,22539,14664,3557,1841,NA,NA
"E09000009","London","Ealing",300948,19232,11216,7485,18071,3742,7433,6694,22768,30686,77897,48860,12186,18256,12197,2880,1345,NA,NA
"E09000010","London","Enfield",273559,18118,10973,7644,17665,3393,7150,6364,17976,20467,67302,46714,12088,19645,12739,3488,1833,NA,NA
"E09000011","London","Greenwich",214403,15538,8446,5836,14076,2742,5488,5305,15390,18422,53160,33820,8406,13804,10429,2433,1108,NA,NA
"E09000012","London","Hackney",202824,16752,8466,5700,14082,2431,5282,4890,15790,20781,55703,27376,6639,10404,6312,1426,790,NA,NA
"E09000013","London","Hammersmith and Fulham",165242,10195,5080,3212,7377,1362,3042,2785,14938,24453,45978,23355,6123,9118,6119,1436,669,NA,NA
"E09000014","London","Haringey",216507,14733,8212,5467,13635,2558,5223,5192,18313,23263,59764,31155,7817,11973,6697,1646,859,NA,NA
"E09000015","London","Harrow",206814,12019,7611,5285,13886,2890,5779,4826,13012,15727,48381,38036,9433,15320,10176,2957,1476,NA,NA
"E09000016","London","Havering",224248,12429,8588,5965,14655,2813,5626,5038,11735,13173,49414,43977,11162,21198,14258,2911,1306,NA,NA
"E09000017","London","Hillingdon",243006,16175,9749,6607,15994,2977,5897,6277,16276,17620,58905,42188,10570,17912,11640,2899,1320,NA,NA
"E09000018","London","Hounslow",212341,14247,8031,5439,13346,2669,5582,5161,16037,19963,54092,34960,8446,13165,8300,1966,937,NA,NA
"E09000019","London","Islington",175797,11121,5987,3838,9629,1666,3674,3875,15150,21410,50122,25193,6144,10093,6061,1241,593,NA,NA
"E09000020","London","Kensington and Chelsea",158919,9953,4782,2861,6093,1105,2328,2964,11662,17388,44506,28836,7026,10159,6750,1649,857,NA,NA
"E09000021","London","Kingston upon Thames",147273,9215,5108,3461,8473,1618,3269,3893,11754,12818,36125,26344,5511,9344,7359,1986,995,NA,NA
"E09000022","London","Lambeth",266169,18063,9486,6176,14590,2739,5507,5529,22828,36351,77640,34168,8476,13477,8420,1850,869,NA,NA
"E09000023","London","Lewisham",248922,17772,9732,6772,15312,3001,5934,5431,18739,23730,70309,36020,8809,14163,9655,2369,1174,NA,NA
"E09000024","London","Merton",187908,12708,6653,4505,10723,1985,4010,3590,12617,19058,49345,31204,7222,12430,8630,2149,1079,NA,NA
"E09000025","London","Newham",243891,20807,11890,7808,19303,4033,8031,7228,20484,22719,59777,31908,8083,12038,7417,1610,755,NA,NA
"E09000026","London","Redbridge",238635,15748,9537,6616,16039,3051,6228,5586,15854,18044,55689,42880,9860,17159,11944,2950,1450,NA,NA
"E09000027","London","Richmond upon Thames",172335,11828,5987,3900,9082,1610,3253,3268,9318,13281,47029,33343,6760,11289,8797,2409,1181,NA,NA
"E09000028","London","Southwark",244866,17355,9503,6111,14045,2644,5295,5897,21979,25904,69362,33093,8323,13636,8942,1900,877,NA,NA
"E09000029","London","Sutton",179768,11671,7256,4837,11712,2175,4216,3885,9923,13805,44489,32131,7530,13197,9246,2465,1230,NA,NA
"E09000030","London","Tower Hamlets",196106,15177,8137,5228,13708,2641,5413,5381,21003,26264,46344,22089,6362,10573,6142,1158,486,NA,NA
"E09000031","London","Waltham Forest",218341,15541,8622,5981,14017,2707,5460,5191,16294,21040,56163,33395,8404,13094,8855,2376,1201,NA,NA
"E09000032","London","Wandsworth",260380,16660,8064,5005,10952,1793,4251,4698,24223,42020,73781,33024,8752,13898,9612,2386,1261,NA,NA
"E09000033","London","Westminster",181286,9452,4568,2868,6477,1109,2844,4096,17369,24028,49215,29516,7333,12076,7602,1851,882,NA,NA
"E07000223","South East","Adur",59627,3235,2174,1440,3755,722,1470,1218,2560,3002,12046,11795,3313,6257,4770,1225,645,NA,NA
"E07000224","South East","Arun",140759,6944,4400,3214,8046,1451,2823,2650,6111,6547,26687,27073,8284,16878,13741,3857,2053,NA,NA
"E07000105","South East","Ashford",102661,6453,4128,2905,6888,1344,2609,2025,4959,5856,23170,20589,5118,8686,5962,1361,608,NA,NA
"E07000004","South East","Aylesbury Vale",165748,10955,6605,4513,11147,2309,4541,3902,8502,10604,40925,33172,7279,11545,7174,1666,909,NA,NA
"E07000084","South East","Basingstoke and Deane",152573,9988,6165,4148,10083,1919,3633,3186,8095,10651,37975,30865,6879,10559,6302,1423,702,NA,NA
"E06000036","South East","Bracknell Forest",109617,7699,4547,3027,7584,1568,2909,2362,6262,8324,29647,19709,4115,6443,4075,900,446,NA,NA
"E06000043","South East","Brighton and Hove",247817,13103,7771,5115,12843,2429,4860,6714,20367,21831,60827,40899,10608,19025,14924,4235,2266,NA,NA
"E07000106","South East","Canterbury",135278,6896,4492,3199,8590,1737,3444,4729,11179,7505,25464,25125,6912,12408,9807,2518,1273,NA,NA
"E07000177","South East","Cherwell",131785,8809,5189,3566,8518,1640,3081,2875,6942,9435,33379,24832,5794,9419,6166,1454,686,NA,NA
"E07000225","South East","Chichester",106450,5292,3489,2565,6383,1171,2463,2356,5081,4825,20113,21911,6290,12177,8813,2286,1235,NA,NA
"E07000005","South East","Chiltern",89228,5411,3437,2402,5915,1135,2130,1722,3968,4253,19108,19826,4896,8190,4941,1196,698,NA,NA
"E07000226","South East","Crawley",99744,6761,4032,2777,6443,1204,2531,2266,6483,7614,24280,17022,3673,8036,5280,968,374,NA,NA
"E07000107","South East","Dartford",85911,5554,3535,2442,5659,1067,2091,1790,5006,6165,20734,15433,4025,6851,4157,916,486,NA,NA
"E07000108","South East","Dover",104566,5803,3862,2848,7160,1439,2718,2300,5137,5322,21609,21092,5624,9997,7138,1663,854,NA,NA
"E07000085","South East","East Hampshire",109274,6317,4224,2838,7465,1458,2966,2553,5022,5428,24752,23341,5589,9003,5969,1519,830,NA,NA
"E07000061","South East","Eastbourne",89667,4760,2919,2092,5314,1050,1965,1911,4818,5049,17475,15562,4584,9719,8491,2465,1493,NA,NA
"E07000086","South East","Eastleigh",116169,6948,4669,3212,8114,1489,2985,2562,5842,7186,27214,23304,5459,9076,6069,1377,663,NA,NA
"E07000207","South East","Elmbridge",121936,8037,5002,3282,7463,1401,2731,2094,5038,6802,29725,24727,5671,9739,7247,1909,1068,NA,NA
"E07000208","South East","Epsom and Ewell",67059,3965,2410,1615,4056,833,1646,1436,3297,3847,15238,14107,3326,5585,4020,1119,559,NA,NA
"E07000087","South East","Fareham",107977,5871,3824,2744,7340,1377,2652,2399,4650,5461,24747,22349,5764,10180,6371,1466,782,NA,NA
"E07000088","South East","Gosport",76415,4702,2936,2004,5080,992,2107,2025,4625,5257,17480,13420,3417,6523,4286,1027,534,NA,NA
"E07000109","South East","Gravesham",95717,5937,3931,2718,6740,1356,2549,2110,4894,5932,21586,18473,4840,8228,4857,1065,501,NA,NA
"E07000209","South East","Guildford",129701,7069,4374,3037,7519,1381,3162,3766,9932,9523,29365,24927,5982,10271,6765,1757,871,NA,NA
"E07000089","South East","Hart",83505,5078,3201,2219,5472,1105,2216,1815,4214,5212,20139,17979,4219,5861,3482,817,476,NA,NA
"E07000062","South East","Hastings",85029,5386,3398,2287,5827,1059,2189,1839,4216,4964,18150,16411,3989,7302,5597,1523,892,NA,NA
"E07000090","South East","Havant",116849,6406,4122,3012,8139,1624,3150,2704,5366,5770,24551,23405,6488,12186,7454,1678,794,NA,NA
"E07000227","South East","Horsham",122088,7255,4720,3324,8306,1590,3078,2346,4990,6035,28229,25726,6019,10436,7185,1830,1019,NA,NA
"E06000046","South East","Isle of Wight",132731,6455,4432,3165,8452,1645,3260,2504,5562,6179,25271,28163,7940,14514,10981,2741,1467,NA,NA
"E07000063","South East","Lewes",92177,4862,3260,2250,5840,1113,2254,1882,3643,3988,18261,18893,5122,10078,7692,2015,1024,NA,NA
"E07000110","South East","Maidstone",138948,7996,5198,3541,8874,1676,3532,3032,7341,8635,31113,29245,7226,11360,7523,1774,882,NA,NA
"E06000035","South East","Medway",249488,16204,10573,7344,18433,3470,7054,6246,14995,16525,58694,47250,11173,17385,10819,2256,1067,NA,NA
"E07000228","South East","Mid Sussex",127378,7534,4776,3164,8493,1681,3413,2690,5562,6548,28660,27462,6239,10764,7274,2010,1108,NA,NA
"E06000042","South East","Milton Keynes",207057,14367,8852,6241,14975,2995,5804,4971,12551,15535,51677,40225,7588,11378,7519,1606,773,NA,NA
"E07000210","South East","Mole Valley",80287,4580,2889,1929,4937,939,1823,1396,3313,3990,17386,17410,4437,7772,5329,1396,761,NA,NA
"E07000091","South East","New Forest",169331,8355,5814,4091,10639,1914,3850,3136,6629,7660,33773,35422,9761,18825,14299,3484,1679,NA,NA
"E07000178","South East","Oxford",134248,6581,3860,2754,6917,1355,3001,6937,20847,12558,28042,19151,4781,8633,6377,1663,791,NA,NA
"E06000044","South East","Portsmouth",186701,11006,6499,4577,11790,2279,4519,5965,16700,14071,42662,30245,7715,13751,11023,2635,1264,NA,NA
"E06000038","South East","Reading",143096,8869,5165,3399,8308,1651,3271,4151,14092,14634,34019,22091,5464,9241,6315,1672,754,NA,NA
"E07000211","South East","Reigate and Banstead",126523,7778,4616,3194,8078,1503,2801,2243,6389,8072,30082,25350,5825,10229,7378,1914,1071,NA,NA
"E07000064","South East","Rother",85428,3966,2703,1957,4954,934,1887,1526,2932,2993,14656,17096,5437,11143,9323,2436,1485,NA,NA
"E07000212","South East","Runnymede",78033,4277,2722,1808,4174,801,1433,2593,6374,5106,17996,14583,3589,6438,4481,1136,522,NA,NA
"E07000092","South East","Rushmoor",90987,6331,3847,2518,5754,1053,2348,2155,6506,8115,23058,15341,3415,5588,3662,877,419,NA,NA
"E07000111","South East","Sevenoaks",109305,6377,4298,2880,7264,1363,2854,2114,4560,5334,23910,23663,5887,10083,6357,1532,829,NA,NA
"E07000112","South East","Shepway",96238,5313,3562,2555,6264,1098,2297,1915,4599,5127,19788,19027,5386,9400,7143,1820,944,NA,NA
"E06000039","South East","Slough",119067,8211,4955,3395,8369,1661,3127,2822,8708,11324,29616,18786,4196,7663,4788,1000,446,NA,NA
"E07000006","South East","South Bucks",61945,3512,2375,1664,4086,745,1469,1102,2591,3061,13553,13364,3575,5794,3605,950,499,NA,NA
"E07000179","South East","South Oxfordshire",128188,7937,4922,3327,8214,1509,3154,2613,5701,7482,31198,26113,6439,10241,6782,1665,891,NA,NA
"E06000045","South East","Southampton",217445,12051,7496,5387,12445,2370,5003,8530,27255,17634,44274,34812,8558,15559,12119,2712,1240,NA,NA
"E07000213","South East","Spelthorne",90390,5179,3363,2229,5328,1012,1868,1672,4632,5936,22019,17350,4745,8229,5155,1150,523,NA,NA
"E07000214","South East","Surrey Heath",80314,4929,3133,2157,5247,1040,1955,1672,3696,4666,19865,16952,4034,6239,3431,848,450,NA,NA
"E07000113","South East","Swale",122801,7751,5001,3488,8625,1646,3232,2801,6472,7447,27181,24587,6178,9990,6341,1392,669,NA,NA
"E07000215","South East","Tandridge",79267,4769,2956,1954,5413,967,2006,1484,3386,3911,18082,17087,3944,6811,4657,1220,620,NA,NA
"E07000093","South East","Test Valley",109801,6452,4381,3168,7666,1353,2640,2249,5057,6062,25721,23141,5422,8695,5674,1357,763,NA,NA
"E07000114","South East","Thanet",126702,7087,4616,3459,8662,1702,3327,2680,5992,6352,24258,24180,6819,13085,10616,2525,1342,NA,NA
"E07000115","South East","Tonbridge and Malling",107561,6721,4432,3127,7457,1428,2881,2184,4570,5991,25268,21803,5490,9110,5316,1199,584,NA,NA
"E07000116","South East","Tunbridge Wells",104030,6346,4072,2771,6930,1380,2806,2027,4942,6308,23496,20886,5158,8617,5867,1519,905,NA,NA
"E07000180","South East","Vale of White Horse",115627,6812,4434,3141,7793,1568,3061,2680,5737,6621,26606,23665,5684,9448,6256,1401,720,NA,NA
"E07000216","South East","Waverley",115665,6587,4036,2864,7346,1519,3133,2494,5658,5940,25183,24606,5905,9915,7249,2130,1100,NA,NA
"E07000065","South East","Wealden",140023,7537,5047,3569,9135,1681,3347,2777,4883,5616,28679,30152,8024,14611,10611,2886,1468,NA,NA
"E06000037","South East","West Berkshire",144483,8805,5588,3911,9782,2032,4021,3103,7054,9338,35229,29869,6593,10346,6511,1518,783,NA,NA
"E07000181","South East","West Oxfordshire",95640,5689,3712,2640,6259,1145,2191,2012,4393,5380,22804,19357,4751,7950,5351,1318,688,NA,NA
"E07000094","South East","Winchester",107222,5730,3685,2603,6613,1336,2895,3125,6490,5888,22883,22242,5331,9320,6419,1703,959,NA,NA
"E06000040","South East","Windsor and Maidenhead",133626,8193,4815,3166,8557,1751,3417,2638,6774,8909,31391,26863,6620,10943,7006,1723,860,NA,NA
"E07000217","South East","Woking",89840,5679,3620,2408,5691,1151,2060,1797,4679,6398,22157,17157,3942,6794,4535,1136,636,NA,NA
"E06000041","South East","Wokingham",150229,9130,5912,4115,10368,1999,3771,3795,8477,9736,36850,31194,6965,10302,5553,1346,716,NA,NA
"E07000229","South East","Worthing",97568,5330,3322,2381,5758,989,2039,1860,4667,5532,20904,17434,4748,9478,8602,2785,1739,NA,NA
"E07000007","South East","Wycombe",162105,10579,6177,4388,10768,2011,4223,3750,9870,11106,36977,32007,7739,12201,7347,1928,1034,NA,NA
"E06000022","South West","Bath and North East Somerset",169040,9009,5576,3937,10315,1978,3968,5101,11788,10179,35723,33005,8302,15101,11087,2649,1322,NA,NA
"E06000028","South West","Bournemouth",163444,8171,5103,3579,8752,1681,3255,4289,12901,11785,33551,28387,7710,15435,13035,3647,2163,NA,NA
"E06000023","South West","Bristol, City of",380615,23453,12887,8794,22871,4791,8690,11812,34798,32001,85416,62761,15660,27945,21510,4913,2313,NA,NA
"E07000078","South West","Cheltenham",110013,5966,3568,2432,6859,1382,2763,2918,8309,7457,24526,19705,5023,9103,7295,1798,909,NA,NA
"E07000048","South West","Christchurch",44865,1890,1327,920,2455,481,895,705,1571,1825,8070,8557,2894,6241,5191,1240,603,NA,NA
"E06000052","South West","Cornwall",499114,26049,16596,12103,31454,6043,12371,10239,22280,24942,98105,108628,29979,51548,35691,8607,4479,NA,NA
"E07000079","South West","Cotswold",80376,4383,2837,1943,4884,920,1742,1543,3342,3858,17177,17394,4291,8062,5915,1404,681,NA,NA
"E07000040","South West","East Devon",125520,5540,3939,2754,6989,1388,2831,2584,5098,5418,21668,25512,8083,15931,12580,3372,1833,NA,NA
"E07000049","South West","East Dorset",83786,3771,2690,1914,4990,939,1866,1514,2851,3086,15482,18222,5215,10634,7930,1844,838,NA,NA
"E07000041","South West","Exeter",111076,5633,3586,2548,6136,1195,2542,4372,11323,8430,23273,19238,4973,8829,6450,1697,851,NA,NA
"E07000080","South West","Forest of Dean",79982,4573,2937,1987,5217,974,2069,1869,3694,4032,16861,17407,4527,7269,4936,1098,532,NA,NA
"E07000081","South West","Gloucester",109885,7193,4536,3097,7806,1489,2674,2477,5976,7129,26607,19612,4850,8642,5958,1283,556,NA,NA
"E06000053","South West","Isles of Scilly",2153,119,56,44,117,22,27,34,130,149,433,491,128,223,133,30,17,NA,NA
"E07000187","South West","Mendip",103869,5868,3813,2613,7458,1606,3121,2252,4314,5179,22574,21796,5349,9016,6467,1611,832,NA,NA
"E07000042","South West","Mid Devon",69774,3858,2651,1782,4606,939,1758,1463,2841,3485,14585,14868,3951,6805,4438,1151,593,NA,NA
"E07000043","South West","North Devon",87508,4468,3125,2116,5743,1098,1986,1736,3784,4563,17169,18848,5222,9076,6211,1565,798,NA,NA
"E07000050","South West","North Dorset",61905,3148,2153,1596,4525,812,1747,1646,2830,3082,12435,12261,3330,6280,4441,1120,499,NA,NA
"E06000024","South West","North Somerset",188564,10468,6586,4534,11923,2288,4549,3846,7895,9308,39814,40542,10428,17750,13475,3346,1812,NA,NA
"E06000026","South West","Plymouth",240720,13213,8535,6091,16078,3106,6103,7454,17245,14885,53457,44457,11622,19911,13778,3198,1587,NA,NA
"E06000029","South West","Poole",138288,7215,4757,3290,8776,1686,3272,2888,6418,7905,29734,27006,7287,13770,10344,2594,1346,NA,NA
"E07000051","South West","Purbeck",44416,2101,1590,1117,2768,543,1087,825,1730,1888,8882,9606,2610,5009,3425,813,422,NA,NA
"E07000188","South West","Sedgemoor",105881,5861,3835,2669,7070,1395,2678,2231,4580,5076,22264,22068,5897,10491,7243,1691,832,NA,NA
"E06000025","South West","South Gloucestershire",245641,15246,9914,6600,16315,2964,5971,5288,12358,15571,59590,48324,12174,19795,11684,2564,1283,NA,NA
"E07000044","South West","South Hams",81849,3875,2709,2011,5415,1015,1973,1721,3094,3229,16328,18611,4819,8623,6033,1570,823,NA,NA
"E07000189","South West","South Somerset",150969,8501,5390,3723,9969,1986,3699,3046,6717,8093,31197,30839,8199,15047,10723,2531,1309,NA,NA
"E07000082","South West","Stroud",107898,6092,4094,2779,7310,1412,2654,2188,4548,5356,23429,23364,5671,9582,6793,1724,902,NA,NA
"E06000030","South West","Swindon",180051,11392,7194,4862,12121,2178,4337,3798,10212,13816,45251,32111,7944,13603,8621,1761,850,NA,NA
"E07000190","South West","Taunton Deane",102299,5441,3547,2561,6784,1336,2772,2344,5028,5842,21515,20364,5139,9887,7109,1722,908,NA,NA
"E07000045","South West","Teignbridge",120958,6155,4044,2988,7810,1467,2790,2444,4755,5178,24544,25419,6850,13056,9791,2368,1299,NA,NA
"E07000083","South West","Tewkesbury",76405,4251,2677,1891,5073,892,1757,1409,3252,4272,17007,16098,4251,6953,4930,1158,534,NA,NA
"E06000027","South West","Torbay",129706,6275,4227,3078,8168,1573,3112,2617,5695,6407,25074,26412,7708,13827,10667,3038,1828,NA,NA
"E07000046","South West","Torridge",58965,2840,2072,1436,3793,757,1460,1265,2433,2789,11243,13113,3732,6318,4139,1029,546,NA,NA
"E07000047","South West","West Devon",48843,2307,1641,1207,3152,666,1224,888,1884,2192,9638,11342,3024,4988,3330,888,472,NA,NA
"E07000052","South West","West Dorset",92360,4365,2968,2080,5767,1171,2346,1676,3112,3929,17388,19310,5645,11252,8285,2031,1035,NA,NA
"E07000191","South West","West Somerset",35075,1522,1019,734,1935,389,808,805,1409,1300,5940,7506,2447,4590,3353,892,426,NA,NA
"E07000053","South West","Weymouth and Portland",63648,3226,2109,1574,4065,793,1574,1506,3050,3493,13297,13187,3461,6091,4448,1181,593,NA,NA
"E06000054","South West","Wiltshire",432973,26568,16867,11540,28283,5378,10394,9035,20928,25151,99928,85892,21770,37026,25176,5978,3059,NA,NA
"W06000001","Wales","Anglesey",66829,3612,2445,1747,4411,806,1710,1376,3305,3541,12893,14321,4059,6766,4317,1016,504,NA,NA
"W06000019","Wales","Blaenau Gwent",70064,3925,2782,2072,5157,991,1884,1553,3580,4100,14952,13532,3704,6166,4343,863,460,NA,NA
"W06000013","Wales","Bridgend",128645,7613,4723,3354,8864,1745,3289,2644,6499,7866,28686,25171,6891,11367,7640,1559,734,NA,NA
"W06000018","Wales","Caerphilly",169519,10617,6688,4812,12188,2310,4576,3859,9252,10935,36825,33043,8578,14106,9208,1715,807,NA,NA
"W06000015","Wales","Cardiff",305353,19045,11726,8172,20468,3764,7544,10723,28238,22072,66227,50386,12417,22748,16676,3472,1675,NA,NA
"W06000010","Wales","Carmarthenshire",172842,9426,6287,4356,11260,2310,4409,3851,8575,8835,34015,36023,9790,17365,12426,2661,1253,NA,NA
"W06000008","Wales","Ceredigion",74941,3486,2424,1760,4190,856,1721,3085,7037,3439,13385,15386,4304,7099,5078,1129,562,NA,NA
"W06000003","Wales","Conwy",109596,5696,3593,2650,6913,1341,2719,2005,4833,5199,21248,21397,6702,12601,9056,2267,1376,NA,NA
"W06000004","Wales","Denbighshire",93065,5110,3305,2458,6193,1223,2361,1854,4496,4851,18401,18680,5320,9240,6948,1711,914,NA,NA
"W06000005","Wales","Flintshire",148594,8914,5626,3956,10077,1956,3928,3329,7848,9053,33527,30232,7997,12019,7573,1707,852,NA,NA
"W06000002","Wales","Gwynedd",116843,6861,4265,3004,7125,1366,2743,3181,7661,6576,22088,23103,6667,11671,7779,1824,929,NA,NA
"W06000024","Wales","Merthyr Tydfil",55981,3261,2196,1611,4137,833,1652,1330,2926,3138,12171,10739,2941,4892,3266,606,282,NA,NA
"W06000021","Wales","Monmouthshire",84885,4534,3242,2285,5840,1036,2216,1691,3326,4010,18051,18635,4772,8090,5386,1183,588,NA,NA
"W06000012","Wales","Neath Port Talbot",134468,7236,4781,3581,8949,1853,3560,3027,6747,7314,28759,26819,7204,12793,9021,1878,946,NA,NA
"W06000022","Wales","Newport",137011,9052,5614,3941,10179,2004,3723,3099,7214,7685,30142,25507,6753,11789,7923,1575,811,NA,NA
"W06000009","Wales","Pembrokeshire",114131,6703,4382,3172,7715,1422,2913,2495,5161,5493,21899,23898,6969,11935,7590,1617,767,NA,NA
"W06000023","Wales","Powys",126354,6753,4659,3298,8265,1544,3237,2426,4950,6111,25232,27395,7279,13056,9156,1976,1017,NA,NA
"W06000016","Wales","Rhondda, Cynon, Taff",231946,13885,8773,6214,16411,3120,6110,5836,14365,14243,49026,44552,11679,20011,13792,2708,1221,NA,NA
"W06000011","Wales","Swansea",223301,12069,7618,5498,14175,2926,5611,6348,15474,12654,45758,42623,11744,21202,14762,3264,1575,NA,NA
"W06000014","Wales","The Vale of Glamorgan",119292,7344,4714,3332,8562,1670,3301,2770,5561,6172,25355,24320,6175,10251,7347,1585,833,NA,NA
"W06000020","Wales","Torfaen",90949,5257,3690,2594,6562,1303,2529,1964,4610,5140,19455,18024,4528,8291,5543,992,467,NA,NA
"W06000006","Wales","Wrexham",128476,7504,4616,3309,8335,1572,3498,3073,7835,7921,27867,25890,6451,10733,7372,1669,831,NA,NA
